Updated 6/15/2021,,,,,
,"This information is being made available to facilitate the sharing of the quality, improved data that the Center for Responsive Politics works hard to provide.   Should you find this information useful, please consider supporting the work of the Center with a donation:  http://www.opensecrets.org/donate/   Whether you use this information to provide relevant links to our web site, www.OpenSecrets.org , or to use CRP's APIs, available at www.OpenSecrets.org/resources/create/apis.php , please make sure to credit the Center for Responsive Politics and/or OpenSecrets.org.  And remember, Federal law prohibits the use of contributor information for the purpose of soliciting contributions or for any commercial purpose.",,,,
,,,,,
,,,,,
,,,,,
,CID,CRPName,Party,Office,FECCandID
,N00035451,"Adams, Alma",D,NC12,H4NC12100
,N00003028,"Aderholt, Robert B",R,AL04,H6AL04098
,N00033997,"Aguilar, Pete",D,CA31,H2CA31125
,N00033720,"Allen, Richard W",R,GA12,H2GA12121
,N00040989,"Allred, Colin",D,TX32,H8TX32098
,N00031177,"Amodei, Mark",R,NV02,H2NV02395
,N00042868,"Armstrong, Kelly",R,ND01,H8ND00096
,N00038285,"Arrington, Jodey",R,TX19,H6TX19099
,N00045506,"Auchincloss, Jake",D,MA04,H0MA04192
,N00041104,"Axne, Cindy",D,IA03,H8IA03124
,N00005736,"Babin, Brian",R,TX36,H6TX02079
,N00037049,"Bacon, Donald John",R,NE02,H6NE02125
,N00041954,"Baird, Jim",R,IN04,H8IN04199
,N00042194,"Balderson, Troy",R,OH12,H8OH12180
,N00004367,"Baldwin, Tammy",D,WIS1,S2WI00219
,N00037185,"Banks, Jim",R,IN03,H6IN03229
,N00031233,"Barr, Andy",R,KY06,H0KY06104
,N00037019,"Barragan, Nanette",D,CA44,H6CA44103
,N00006236,"Barrasso, John A",R,WYS1,S6WY00068
,N00031877,"Bass, Karen",D,CA37,H0CA33117
,N00033904,"Beatty, Joyce",D,OH03,H2OH03125
,N00030608,"Bennet, Michael",D,COS1,S0CO00211
,N00045773,"Bentz, Cliff",R,OR02,H0OR02127
,N00030717,"Bera, Ami",D,CA07,H0CA03078
,N00039533,"Bergman, John",R,MI01,H6MI01226
,N00031559,"Beutler, Jaime Herrera",R,WA03,H0WA03187
,N00036018,"Beyer, Don",D,VA08,H4VA08224
,N00044579,"Bice, Stephanie",R,OK05,H0OK05205
,N00039293,"Biggs, Andy",R,AZ05,H6AZ05083
,N00027462,"Bilirakis, Gus",R,FL12,H6FL09070
,N00044335,"Bishop, Dan",R,NC09,H0NC09187
,N00002674,"Bishop, Sanford",D,GA02,H2GA02031
,N00003105,"Blackburn, Marsha",R,TNS1,S8TN00337
,N00007727,"Blumenauer, Earl",D,OR03,H6OR03064
,N00031685,"Blumenthal, Richard",D,CTS2,S0CT00177
,N00005195,"Blunt, Roy",R,MOS1,S0MO00183
,N00045974,"Boebert, Lauren",R,CO03,H0CO03165
,N00033474,"Bonamici, Suzanne",D,OR01,H2OR01133
,N00035267,"Booker, Cory",D,NJS2,S4NJ00185
,N00013873,"Boozman, John",R,ARS2,S0AR00150
,N00035420,"Bost, Mike",R,IL12,H4IL12060
,N00041791,"Bourdeaux, Carolyn",D,GA07,H8GA07201
,N00044790,"Bowman, Jamaal",D,NY16,H0NY16143
,N00035307,"Boyle, Brendan",D,PA02,H4PA13199
,N00005883,"Brady, Kevin",R,TX08,H6TX08100
,N00041731,"Braun, Mike",R,INS1,S8IN00171
,N00030910,"Brooks, Mo",R,AL05,S8AL00381
,N00036999,"Brown, Anthony",D,MD04,H6MD04209
,N00003535,"Brown, Sherrod",D,OHS1,S6OH00163
,N00034254,"Brownley, Julia",D,CA26,H2CA00120
,N00027626,"Buchanan, Vernon",R,FL16,H6FL13148
,N00030829,"Buck, Ken",R,CO04,H4CO04090
,N00031227,"Bucshon, Larry",R,IN08,H0IN08114
,N00039551,"Budd, Ted",R,NC13,S2NC00505
,N00041594,"Burchett, Tim",R,TN02,H8TN02119
,N00025219,"Burgess, Michael",R,TX26,H2TX26093
,N00002221,"Burr, Richard",R,NCS2,S4NC00089
,N00039373,"Bush, Cori",D,MO01,H8MO01143
,N00033390,"Bustos, Cheri",D,IL17,H2IL17071
,N00027035,"Butterfield, G K",D,NC01,H4NC01046
,N00007099,"Calvert, Ken",R,CA42,H2CA37023
,N00045978,"Cammack, Kat",R,FL03,H0FL03175
,N00007836,"Cantwell, Maria",D,WAS1,S8WA00194
,N00009771,"Capito, Shelley Moore",R,WVS2,S4WV00159
,N00037015,"Carbajal, Salud",D,CA24,H6CA24303
,N00033373,"Cardenas, Tony",D,CA29,H2CA28113
,N00001955,"Cardin, Ben",D,MDS1,S6MD03177
,N00044245,"Carl, Jerry",R,AL01,H0AL01055
,N00012508,"Carper, Tom",D,DES1,S8DE00079
,N00029513,"Carson, Andre",D,IN07,H8IN07184
,N00035346,"Carter, Buddy",R,GA01,H4GA01039
,N00025095,"Carter, John",R,TX31,H2TX31044
,N00025766,"Carter, Troy",D,LA02,H2LA02149
,N00034128,"Cartwright, Matt",D,PA08,H2PA17079
,N00025882,"Case, Ed",D,HI01,H2HI02128
,N00027503,"Casey, Bob",D,PAS2,S6PA00217
,N00030245,"Cassidy, Bill",R,LAS1,S4LA00107
,N00041338,"Casten, Sean",D,IL06,H8IL06139
,N00027514,"Castor, Kathy",D,FL14,H6FL11126
,N00033316,"Castro, Joaquin",D,TX20,H2TX35011
,N00046252,"Cawthorn, Madison",R,NC11,H0NC11233
,N00003689,"Chabot, Steve",R,OH01,H8OH01043
,N00035504,"Cheney, Liz",R,WY01,H6WY00159
,N00030600,"Chu, Judy",D,CA27,H0CA32101
,N00032019,"Cicilline, David",D,RI01,H0RI01073
,N00035278,"Clark, Katherine",D,MA05,H4MA05084
,N00026961,"Clarke, Yvette D",D,NY09,H4NY11138
,N00026790,"Cleaver, Emanuel",D,MO05,H4MO05234
,N00042296,"Cline, Ben",R,VA06,H8VA06104
,N00041882,"Cloud, Michael",R,TX27,H8TX27049
,N00002408,"Clyburn, James E",D,SC06,H2SC02042
,N00046654,"Clyde, Andrew",R,GA09,H0GA09246
,N00003225,"Cohen, Steve",D,TN09,H6TN09068
,N00025726,"Cole, Tom",R,OK04,H2OK04055
,N00036158,"Coleman, Bonnie Watson",D,NJ12,H4NJ12149
,N00000491,"Collins, Susan M",R,MES2,S6ME00159
,N00038260,"Comer, James",R,KY01,H6KY01110
,N00029891,"Connolly, Gerry",D,VA11,H8VA11062
,N00031820,"Coons, Chris",D,DES2,S0DE00092
,N00003132,"Cooper, Jim",D,TN05,H2TN05131
,N00024852,"Cornyn, John",R,TXS1,S2TX00106
,N00037260,"Correa, Lou",D,CA46,H6CA46116
,N00026341,"Costa, Jim",D,CA16,H4CA20082
,N00033363,"Cotton, Tom",R,ARS1,S4AR00103
,N00024842,"Courtney, Joe",D,CT02,H2CT02112
,N00037039,"Craig, Angie",D,MN02,H6MN02131
,N00004614,"Cramer, Kevin",R,NDS2,S8ND00120
,N00006267,"Crapo, Mike",R,IDS2,S8ID00027
,N00030770,"Crawford, Rick",R,AR01,H0AR01083
,N00042224,"Crenshaw, Dan",R,TX02,H8TX02166
,N00002942,"Crist, Charlie",D,FL13,H6FL13205
,N00040876,"Crow, Jason",D,CO06,H8CO06229
,N00033085,"Cruz, Ted",R,TXS2,S2TX00312
,N00024978,"Cuellar, Henry",D,TX28,H2TX23082
,N00041221,"Curtis, John",R,UT03,H8UT03238
,N00033054,"Daines, Steven",R,MTS2,S2MT00096
,N00042626,"Davids, Sharice",D,KS03,H8KS03155
,N00038767,"Davidson, Warren",R,OH08,H6OH08315
,N00004884,"Davis, Danny K",D,IL07,H4IL07037
,N00034784,"Davis, Rodney",R,IL13,H2IL13120
,N00042894,"Dean, Madeleine",D,PA04,H8PA04116
,N00007781,"DeFazio, Peter",D,OR04,H6OR04047
,N00006134,"DeGette, Diana",D,CO01,H6CO01141
,N00000615,"DeLauro, Rosa L",D,CT03,H0CT03072
,N00030693,"DelBene, Suzan",D,WA01,H0WA08046
,N00040741,"Delgado, Antonio",D,NY19,H8NY19181
,N00033449,"Demings, Val",D,FL10,H2FL08063
,N00030709,"Desaulnier, Mark",D,CA11,H0CA10073
,N00030957,"Desjarlais, Scott",R,TN04,H0TN04195
,N00031317,"Deutch, Ted",D,FL22,H0FL19080
,N00025337,"Diaz-Balart, Mario",R,FL25,H2FL25018
,N00036149,"Dingell, Debbie",D,MI12,H4MI12079
,N00006023,"Doggett, Lloyd",D,TX35,H4TX10028
,N00034016,"Donalds, Byron",R,FL19,H2FL14186
,N00001373,"Doyle, Mike",D,PA18,H4PA18131
,N00027860,"Duckworth, Tammy",D,ILS2,S6IL00292
,N00030752,"Duncan, Jeff",R,SC03,H0SC03077
,N00037442,"Dunn, Neal",R,FL02,H6FL02208
,N00004981,"Durbin, Dick",D,ILS1,S6IL00151
,N00035440,"Emmer, Tom",R,MN06,H4MN06087
,N00035483,"Ernst, Joni",R,IAS2,S4IA00129
,N00041702,"Escobar, Veronica",D,TX16,H8TX16109
,N00007335,"Eshoo, Anna",D,CA18,H8CA12098
,N00034549,"Espaillat, Adriano",D,NY13,H2NY13096
,N00040712,"Estes, Ron",R,KS04,H8KS04112
,N00038450,"Evans, Dwight",D,PA03,H6PA02171
,N00047264,"Fallon, Patrick",R,TX04,H0TX04219
,N00044011,"Feenstra, Randy",R,IA04,H0IA04145
,N00007364,"Feinstein, Dianne",D,CAS2,S0CA00199
,N00039090,"Ferguson, Drew",R,GA03,H6GA03113
,N00044559,"Fernandez, Teresa Leger",D,NM03,H0NM03102
,N00045251,"Fischbach, Michelle",R,MN07,H0MN07091
,N00033443,"Fischer, Deb",R,NES1,S2NE00094
,N00045434,"Fitzgerald, Scott",R,WI05,H0WI05113
,N00038779,"Fitzpatrick, Brian",R,PA01,H6PA08277
,N00030815,"Fleischmann, Chuck",R,TN03,H0TN03254
,N00041194,"Fletcher, Lizzie",D,TX07,H8TX07140
,N00026631,"Fortenberry, Jeff",R,NE01,H4NE01064
,N00029139,"Foster, Bill",D,IL11,H8IL14067
,N00026166,"Foxx, Virginia",R,NC05,H4NC05146
,N00002893,"Frankel, Lois J",D,FL21,H2FL14053
,N00046760,"Franklin, Scott",R,FL15,H0FL15104
,N00030490,"Fudge, Marcia",D,OH11,H8OH11141
,N00041335,"Fulcher, Russ",R,ID01,H8ID01124
,N00039503,"Gaetz, Matt",R,FL01,H6FL01119
,N00039330,"Gallagher, Mike",R,WI08,H6WI08155
,N00036097,"Gallego, Ruben",D,AZ07,H4AZ07043
,N00030856,"Garamendi, John",D,CA03,H0CA10149
,N00046030,"Garbarino, Andrew",R,NY02,H0NY02234
,N00042114,"Garcia, Jesus",D,IL04,H8IL04134
,N00044298,"Garcia, Mike",R,CA25,H0CA25105
,N00042282,"Garcia, Sylvia",D,TX29,H8TX29052
,N00031128,"Gibbs, Bob",R,OH07,H0OH18077
,N00027658,"Gillibrand, Kirsten",D,NYS1,S0NY00410
,N00046394,"Gimenez, Carlos",R,FL26,H0FL26036
,N00026148,"Gohmert, Louis B Jr",R,TX01,H4TX04039
,N00041668,"Golden, Jared",D,ME02,H8ME02185
,N00040597,"Gomez, Jimmy",D,CA34,H8CA34266
,N00044592,"Gonzales, Tony",R,TX23,H0TX35015
,N00041690,"Gonzalez, Anthony",R,OH16,H8OH16124
,N00037615,"Gonzalez, Jenniffer",3,PR00,H6PR00082
,N00038809,"Gonzalez, Vicente",D,TX15,H6TX15162
,N00045557,"Good, Bob",R,VA05,H0VA05160
,N00042237,"Gooden, Lance",R,TX05,H8TX05144
,N00030771,"Gosar, Paul",R,AZ04,H0AZ01259
,N00036944,"Gottheimer, Josh",D,NJ05,H6NJ05171
,N00009975,"Graham, Lindsey",R,SCS2,S0SC00149
,N00008799,"Granger, Kay",R,TX12,H6TX12060
,N00001758,"Grassley, Chuck",R,IAS1,S0IA00028
,N00036135,"Graves, Garret",R,LA06,H4LA06153
,N00013323,"Graves, Sam",R,MO06,H0MO06073
,N00026686,"Green, Al",D,TX09,H4TX09095
,N00041873,"Green, Mark",R,TN07,H8TN07076
,N00044701,"Greene, Marjorie Taylor",R,GA14,H0GA06192
,N00032029,"Griffith, Morgan",R,VA09,H0VA09055
,N00025284,"Grijalva, Raul M",D,AZ03,H2AZ07070
,N00036409,"Grothman, Glenn S",R,WI06,H4WI06048
,N00042458,"Guest, Michael",R,MS03,H8MS03125
,N00029675,"Guthrie, Brett",R,KY02,H8KY02031
,N00040933,"Haaland, Debra",D,NM01,H8NM01331
,N00031390,"Hagedorn, Jim",R,MN01,H0MN01045
,N00045369,"Hagerty, Bill",R,TNS2,S0TN00169
,N00040853,"Harder, Josh",D,CA10,H8CA10126
,N00029147,"Harris, Andy",R,MD01,H8MD01094
,N00036915,"Harris, Kamala",D,CAS1,S6CA00584
,N00046688,"Harshbarger, Diana",R,TN01,H0TN01118
,N00031005,"Hartzler, Vicky",R,MO04,H0MO04086
,N00038397,"Hassan, Maggie",D,NHS1,S6NH00091
,N00002884,"Hastings, Alcee",D,FL20,H2FL23021
,N00041620,"Hawley, Josh",R,MOS2,S8MO00160
,N00043421,"Hayes, Jahana",D,CT05,H8CT05245
,N00029835,"Heinrich, Martin",D,NMS1,S2NM00088
,N00040829,"Hern, Kevin",R,OK01,H8OK01157
,N00041454,"Herrell, Yvette",R,NM02,H8NM02156
,N00032243,"Hice, Jody",R,GA10,H0GA07125
,N00044206,"Hickenlooper, John",D,COS2,S0CO00575
,N00027060,"Higgins, Brian M",D,NY26,H4NY27076
,N00039953,"Higgins, Clay",R,LA03,H6LA03148
,N00035792,"Hill, French",R,AR02,H4AR02141
,N00029070,"Himes, Jim",D,CT04,H8CT04172
,N00044521,"Hinson, Ashley",R,IA01,H0IA01174
,N00028139,"Hirono, Mazie K",D,HIS2,S2HI00106
,N00031688,"Hoeven, John",R,NDS1,S0ND00093
,N00038429,"Hollingsworth, Trey",R,IN09,H6IN09176
,N00033638,"Horsford, Steven",D,NV04,H2NV04011
,N00040949,"Houlahan, Chrissy",D,PA06,H8PA06087
,N00001821,"Hoyer, Steny H",D,MD05,H2MD05155
,N00033630,"Hudson, Richard",R,NC08,H2NC08185
,N00033030,"Huffman, Jared",D,CA02,H2CA06259
,N00030673,"Huizenga, Bill",R,MI02,H0MI02094
,N00043298,"Hyde-Smith, Cindy",R,MSS1,S8MS00261
,N00005582,"Inhofe, James M",R,OKS2,S4OK00083
,N00007017,"Issa, Darrell",R,CA50,H0CA48024
,N00005818,"Jackson Lee, Sheila",D,TX18,H4TX18054
,N00046055,"Jackson, Ronny",R,TX13,H0TX13228
,N00044575,"Jacobs, Chris",R,NY27,H0NY27090
,N00042081,"Jacobs, Sara",D,CA53,H8CA49074
,N00038858,"Jayapal, Pramila",D,WA07,H6WA07458
,N00033640,"Jeffries, Hakeem",D,NY08,H2NY10092
,N00032088,"Johnson, Bill",R,OH06,H0OH06189
,N00040559,"Johnson, Dusty",R,SD01,H8SD01055
,N00008122,"Johnson, Eddie Bernice",D,TX30,H2TX00015
,N00027848,"Johnson, Hank",D,GA04,H6GA04129
,N00039106,"Johnson, Mike",R,LA04,H6LA04138
,N00032546,"Johnson, Ron",R,WIS2,S0WI00197
,N00044908,"Jones, Mondaire",D,NY17,H0NY17174
,N00027894,"Jordan, Jim",R,OH04,H6OH04082
,N00035007,"Joyce, David P",R,OH14,H2OH14064
,N00043242,"Joyce, John",R,PA13,H8PA13125
,N00044007,"Kahele, Kai",D,HI02,H0HI02155
,N00033177,"Kaine, Tim",D,VAS1,S2VA00142
,N00003522,"Kaptur, Marcy",D,OH09,H2OH09031
,N00035934,"Katko, John",R,NY24,H4NY24073
,N00031933,"Keating, Bill",D,MA09,H0MA10082
,N00044065,"Keller, Fred",R,PA12,H0PA12181
,N00044223,"Kelly, Mark",D,AZS1,S0AZ00350
,N00031647,"Kelly, Mike",R,PA16,H0PA03271
,N00035215,"Kelly, Robin",D,IL02,H2IL02172
,N00037003,"Kelly, Trent",R,MS01,H6MS01131
,N00026823,"Kennedy, John",R,LAS2,S4LA00065
,N00026427,"Khanna, Ro",D,CA17,H4CA12055
,N00033395,"Kildee, Dan",D,MI05,H2MI05119
,N00034453,"Kilmer, Derek",D,WA06,H2WA06129
,N00041370,"Kim, Andy",D,NJ03,H8NJ03206
,N00042386,"Kim, Young",R,CA39,H8CA39240
,N00004403,"Kind, Ron",D,WI03,H6WI03099
,N00034580,"King, Angus",I,MES1,S2ME00109
,N00030667,"Kinzinger, Adam",R,IL16,H0IL11052
,N00029260,"Kirkpatrick, Ann",D,AZ02,H8AZ01104
,N00027500,"Klobuchar, Amy",D,MNS2,S6MN00267
,N00033240,"Krishnamoorthi, Raja",D,IL08,H6IL08147
,N00030875,"Kuster, Ann",D,NH02,H0NH02181
,N00025445,"Kustoff, David",R,TN08,H2TN07103
,N00037031,"LaHood, Darin",R,IL18,H6IL18088
,N00033987,"LaMalfa, Doug",R,CA01,H2CA02142
,N00041870,"Lamb, Conor",D,PA17,H8PA18181
,N00028133,"Lamborn, Douglas L",R,CO05,H6CO05159
,N00009724,"Langevin, Jim",D,RI02,H0RI02139
,N00031129,"Lankford, James",R,OKS1,S4OK00232
,N00009759,"Larsen, Rick",D,WA02,H0WA02080
,N00000575,"Larson, John B",D,CT01,H8CT01046
,N00012233,"Latta, Bob",R,OH05,H8OH05036
,N00044232,"Laturner, Jake",R,KS02,H0KS02188
,N00034068,"Lawrence, Brenda",D,MI14,H2MI14111
,N00030642,"Lawson, Al",D,FL05,H0FL02086
,N00009918,"Leahy, Patrick",D,VTS2,S4VT00017
,N00008046,"Lee, Barbara",D,CA13,H8CA09060
,N00031696,"Lee, Mike",R,UTS2,S0UT00165
,N00037247,"Lee, Susie",D,NV03,H6NV04020
,N00042056,"Lesko, Debbie",R,AZ08,H8AZ08158
,N00047972,"Letlow, Julia",R,LA05,H2LA05126
,N00042149,"Levin, Andy",D,MI09,H8MI09118
,N00040667,"Levin, Mike",D,CA49,H8CA49058
,N00035825,"Lieu, Ted",D,CA33,H4CA33119
,N00046125,"Loeffler, Kelly",R,GAS2,S0GA00526
,N00007479,"Lofgren, Zoe",D,CA19,H4CA16049
,N00030676,"Long, Billy",R,MO07,H0MO07113
,N00035347,"Loudermilk, Barry",R,GA11,H4GA11061
,N00033274,"Lowenthal, Alan",D,CA47,H2CA00104
,N00005559,"Lucas, Frank D",R,OK03,H4OK06056
,N00030026,"Luetkemeyer, Blaine",R,MO03,H8MO09153
,N00029562,"Lujan, Ben Ray",D,NMS2,S0NM00058
,N00029788,"Lummis, Cynthia",R,WYS2,S0WY00137
,N00042293,"Luria, Elaine",D,VA02,H8VA02111
,N00013855,"Lynch, Stephen F",D,MA08,H2MA09072
,N00035670,"Mace, Nancy",R,SC01,H0SC01394
,N00041843,"Malinowski, Tom",D,NJ07,H8NJ07223
,N00044040,"Malliotakis, Nicole",R,NY11,H0NY11078
,N00000078,"Maloney, Carolyn B",D,NY12,H2NY14037
,N00034277,"Maloney, Sean Patrick",D,NY18,H2NY22139
,N00032838,"Manchin, Joe",D,WVS1,S0WV00090
,N00030743,"Mann, Tracey",R,KS01,H0KS01123
,N00042159,"Manning, Kathy",D,NC06,H8NC13067
,N00000270,"Markey, Ed",D,MAS2,S4MA00028
,N00037034,"Marshall, Roger",R,KSS1,S0KS00315
,N00034041,"Massie, Thomas",R,KY04,H2KY04121
,N00037269,"Mast, Brian",R,FL18,H6FL18097
,N00037161,"Masto, Catherine Cortez",D,NVS2,S6NV00200
,N00027459,"Matsui, Doris",D,CA06,H6CA05195
,N00042813,"McBath, Lucy",D,GA06,H8GA06393
,N00028152,"McCarthy, Kevin",R,CA23,H6CA22125
,N00026460,"McCaul, Michael",R,TX10,H4TX10093
,N00045730,"McClain, Lisa",R,MI10,H0MI10287
,N00006863,"McClintock, Tom",R,CA04,H8CA04152
,N00012942,"McCollum, Betty",D,MN04,H0MN04049
,N00003389,"McConnell, Mitch",R,KYS1,S2KY00012
,N00039327,"McEachin, Donald",D,VA04,H6VA04061
,N00000179,"McGovern, James P",D,MA02,H4MA03022
,N00026627,"McHenry, Patrick",R,NC10,H4NC10047
,N00031681,"McKinley, David",R,WV01,H0WV01072
,N00026926,"McNerney, Jerry",D,CA09,H4CA11081
,N00001171,"Meeks, Gregory W",D,NY05,H8NY06048
,N00044884,"Meijer, Peter",R,MI03,H0MI03308
,N00000699,"Menendez, Robert",D,NJS1,S6NJ00289
,N00034547,"Meng, Grace",D,NY06,H2NY06116
,N00029303,"Merkley, Jeff",D,ORS1,S8OR00207
,N00029416,"Meuser, Dan",R,PA09,H8PA10147
,N00001799,"Mfume, Kweisi",D,MD07,H6MD07020
,N00041542,"Miller, Carol",R,WV03,H8WV03097
,N00045703,"Miller, Mary",R,IL15,H0IL15129
,N00029495,"Miller-Meeks, Mariannette",R,IA02,H8IA02043
,N00036275,"Moolenaar, John",R,MI04,H4MI04126
,N00033814,"Mooney, Alex",R,WV02,H4WV02080
,N00041295,"Moore, Barry",R,AL02,H8AL02171
,N00046598,"Moore, Blake",R,UT01,H0UT01205
,N00026914,"Moore, Gwen",D,WI04,H4WI04183
,N00005282,"Moran, Jerry",R,KSS2,S0KS00091
,N00043207,"Morelle, Joseph D",D,NY25,H8NY25105
,N00035431,"Moulton, Seth",D,MA06,H4MA06090
,N00045905,"Mrvan, Frank J",D,IN01,H0IN01150
,N00033410,"Mullin, Markwayne",R,OK02,H2OK02083
,N00026050,"Murkowski, Lisa",R,AKS2,S4AK00099
,N00027566,"Murphy, Christopher S",D,CTS1,S2CT00132
,N00044027,"Murphy, Greg",R,NC03,H0NC03172
,N00040133,"Murphy, Stephanie",D,FL07,H6FL07140
,N00007876,"Murray, Patty",D,WAS2,S2WA00189
,N00000939,"Nadler, Jerrold",D,NY10,H2NY17071
,N00006789,"Napolitano, Grace",D,CA32,H8CA34068
,N00000153,"Neal, Richard E",D,MA01,H8MA02041
,N00041080,"Neguse, Joseph",D,CO02,H8CO02160
,N00046067,"Nehls, Troy",R,TX22,H0TX22302
,N00036403,"Newhouse, Dan",R,WA04,H4WA04104
,N00040891,"Newman, Marie",D,IL03,H8IL03102
,N00036154,"Norcross, Don",D,NJ01,H4NJ01084
,N00027783,"Norman, Ralph",R,SC05,H8SC05158
,N00001692,"Norton, Eleanor Holmes",D,DC00,H0DC00058
,N00007248,"Nunes, Devin",R,CA22,H8CA20059
,N00037515,"O'Halleran, Tom",D,AZ01,H6AZ01199
,N00045377,"Obernolte, Jay",R,CA08,H0CA08135
,N00041162,"Ocasio-Cortez, Alexandria",D,NY14,H8NY15148
,N00043581,"Omar, Ilhan",D,MN05,H8MN05239
,N00040675,"Ossoff, Jon",D,GAS1,S8GA00180
,N00045812,"Owens, Burgess",R,UT04,H0UT04076
,N00047888,"Padilla, Alex",D,CAS1,S2CA00955
,N00031958,"Palazzo, Steven",R,MS04,H0MS04120
,N00000781,"Pallone, Frank Jr",D,NJ06,H8NJ03073
,N00035691,"Palmer, Gary",R,AL06,H4AL06098
,N00038601,"Panetta, Jimmy",D,CA20,H6CA20152
,N00042161,"Pappas, Chris",D,NH01,H8NH01210
,N00000751,"Pascrell, Bill Jr",D,NJ09,H6NJ08118
,N00030836,"Paul, Rand",R,KYS2,S0KY00156
,N00034639,"Payne, Donald M Jr",D,NJ10,H2NJ10154
,N00007360,"Pelosi, Nancy",D,CA12,H8CA05035
,N00041956,"Pence, Greg",R,IN06,H8IN06129
,N00027510,"Perlmutter, Ed",D,CO07,H6CO07023
,N00034120,"Perry, Scott",R,PA10,H2PA04135
,N00029277,"Peters, Gary",D,MIS1,S4MI00355
,N00033591,"Peters, Scott",D,CA52,H2CA52089
,N00045421,"Pfluger, August",R,TX11,H0TX11230
,N00041134,"Phillips, Dean",D,MN03,H8MN03143
,N00013817,"Pingree, Chellie",D,ME01,H8ME01120
,N00035000,"Plaskett, Stacey",D,VI00,H2VI00082
,N00033549,"Pocan, Mark",D,WI02,H2WI02124
,N00040865,"Porter, Katie",D,CA45,H8CA45130
,N00003682,"Portman, Rob",R,OHS2,S0OH00133
,N00029662,"Posey, Bill",R,FL08,H8FL15107
,N00042581,"Pressley, Ayanna",D,MA07,H8MA07032
,N00002260,"Price, David",D,NC04,H6NC04037
,N00030581,"Quigley, Mike",D,IL05,H0IL05096
,N00007635,"Radewagen, Amata Coleman",R,AS00,H4AS00036
,N00037036,"Raskin, Jamie",D,MD08,H6MD08457
,N00000362,"Reed, Jack",D,RIS2,S6RI00163
,N00030949,"Reed, Tom",R,NY23,H0NY29054
,N00041871,"Reschenthaler, Guy",R,PA14,H8PA18199
,N00035927,"Rice, Kathleen",D,NY04,H4NY04075
,N00033832,"Rice, Tom",R,SC07,H2SC07066
,N00030184,"Richmond, Cedric",D,LA02,H8LA02054
,N00029441,"Risch, James E",R,IDS1,S8ID00092
,N00038414,"Rochester, Lisa Blunt",D,DE01,H6DE00206
,N00026314,"Rodgers, Cathy McMorris",R,WA05,H4WA05077
,N00003473,"Rogers, Hal",R,KY05,H0KY05015
,N00024759,"Rogers, Mike D",R,AL03,H2AL03032
,N00000286,"Romney, Mitt",R,UTS1,S8UT00176
,N00041599,"Rose, John",R,TN06,H8TN06094
,N00038734,"Rosen, Jacky",D,NVS1,S8NV00156
,N00035517,"Rosendale, Matt",R,MT01,H4MT00050
,N00038565,"Ross, Deborah",D,NC02,H0NC02125
,N00035187,"Rounds, Mike",R,SDS2,S4SD00049
,N00033527,"Rouzer, David",R,NC07,H2NC07096
,N00042268,"Roy, Chip",R,TX21,H8TX21307
,N00006671,"Roybal-Allard, Lucille",D,CA40,H2CA33048
,N00030612,"Rubio, Marco",R,FLS2,S0FL00338
,N00033510,"Ruiz, Raul",D,CA36,H2CA36439
,N00025482,"Ruppersberger, Dutch",D,MD02,H2MD02160
,N00004887,"Rush, Bobby L",D,IL01,H2IL01042
,N00039777,"Rutherford, John",R,FL04,H6FL04105
,N00025280,"Ryan, Tim",D,OH13,S2OH00402
,N00030418,"Sablan, Gregorio",I,MP00,H8MP00041
,N00042810,"Salazar, Maria",R,FL27,H8FL27185
,N00042619,"San Nicolas, Michael",D,GU00,H8GU01020
,N00024870,"Sanchez, Linda",D,CA38,H2CA39078
,N00000528,"Sanders, Bernie",I,VTS1,S4VT00033
,N00027751,"Sarbanes, John",D,MD03,H6MD03292
,N00035544,"Sasse, Ben",R,NES2,S4NE00090
,N00009660,"Scalise, Steve",R,LA01,H0LA01087
,N00042706,"Scanlon, Mary Gay",D,PA05,H8PA07200
,N00004724,"Schakowsky, Jan",D,IL09,H8IL09067
,N00028138,"Schatz, Brian",D,HIS1,S4HI00136
,N00009585,"Schiff, Adam",D,CA28,H0CA27085
,N00033101,"Schneider, Brad",D,IL10,H2IL10068
,N00030071,"Schrader, Kurt",D,OR05,H8OR05107
,N00041606,"Schrier, Kim",D,WA08,H8WA08189
,N00026106,"Schultz, Debbie Wasserman",D,FL23,H4FL20023
,N00001093,"Schumer, Charles E",D,NYS2,S8NY00082
,N00006460,"Schweikert, David",R,AZ06,H4AZ06045
,N00032457,"Scott, Austin",R,GA08,H0GA08099
,N00002147,"Scott, Bobby",D,VA03,H6VA01117
,N00024871,"Scott, David",D,GA13,H2GA13012
,N00043290,"Scott, Rick",R,FLS1,S8FL00273
,N00031782,"Scott, Tim",R,SCS1,S4SC00240
,N00005681,"Sessions, Pete",R,TX17,H2TX03126
,N00030622,"Sewell, Terri",D,AL07,H0AL07086
,N00024790,"Shaheen, Jeanne",D,NHS2,S0NH00219
,N00009920,"Shelby, Richard C",R,ALS2,S6AL00013
,N00006897,"Sherman, Brad",D,CA30,H6CA24113
,N00041154,"Sherrill, Mikie",D,NJ11,H8NJ11142
,N00006263,"Simpson, Mike",R,ID02,H8ID02064
,N00033983,"Sinema, Kyrsten",D,AZS2,S8AZ00197
,N00027523,"Sires, Albio",D,NJ08,H6NJ13191
,N00041357,"Slotkin, Elissa",D,MI08,H8MI08102
,N00007833,"Smith, Adam",D,WA09,H6WA09025
,N00027623,"Smith, Adrian",R,NE03,H6NE03115
,N00009816,"Smith, Chris",R,NJ04,H8NJ04014
,N00035282,"Smith, Jason",R,MO08,H4MO08162
,N00042353,"Smith, Tina",D,MNS1,S8MN00578
,N00038781,"Smucker, Lloyd",R,PA11,H6PA16320
,N00037422,"Soto, Darren",D,FL09,H6FL09179
,N00041418,"Spanberger, Abigail",D,VA07,H8VA07094
,N00046537,"Spartz, Victoria",R,IN05,H0IN05326
,N00029649,"Speier, Jackie",D,CA14,H8CA12171
,N00004118,"Stabenow, Debbie",D,MIS2,S8MI00281
,N00047871,"Stansbury, Melanie",D,NM01,H2NM01144
,N00041750,"Stanton, Greg",D,AZ09,H8AZ09040
,N00041511,"Stauber, Pete",R,MN08,H8MN08043
,N00044501,"Steel, Michelle",R,CA48,H0CA48198
,N00035523,"Stefanik, Elise",R,NY21,H4NY21079
,N00043379,"Steil, Bryan",R,WI01,H8WI01156
,N00042808,"Steube, Greg",R,FL17,H8FL17053
,N00040915,"Stevens, Haley",D,MI11,H8MI11254
,N00033932,"Stewart, Chris",R,UT02,H2UT02324
,N00029574,"Stivers, Steve",R,OH15,H8OH15076
,N00046320,"Strickland, Marilyn",D,WA10,H0WA10034
,N00035774,"Sullivan, Dan",R,AKS1,S4AK00214
,N00038742,"Suozzi, Tom",D,NY03,H6NY03247
,N00033508,"Swalwell, Eric",D,CA15,H2CA15094
,N00006701,"Takano, Mark",D,CA41,H2CA43245
,N00027709,"Taylor, Van",R,TX03,H8TX03123
,N00036351,"Tenney, Claudia",R,NY22,H4NY22051
,N00027605,"Tester, Jon",D,MTS1,S6MT00162
,N00003288,"Thompson, Bennie G",D,MS02,H4MS02068
,N00029736,"Thompson, Glenn",R,PA15,H8PA05071
,N00007419,"Thompson, Mike",D,CA05,H8CA01109
,N00004572,"Thune, John",R,SDS1,S2SD00068
,N00045307,"Tiffany, Tom",R,WI07,H0WI07101
,N00035492,"Tillis, Thom",R,NCS1,S4NC00162
,N00042715,"Timmons, William",R,SC04,H8SC04250
,N00030191,"Titus, Dina",D,NV01,H8NV03036
,N00042649,"Tlaib, Rashida",D,MI13,H8MI13250
,N00030196,"Tonko, Paul",D,NY20,H8NY21203
,N00001489,"Toomey, Pat",R,PAS1,S4PA00121
,N00036107,"Torres, Norma",D,CA35,H4CA35031
,N00044346,"Torres, Ritchie",D,NY15,H0NY15160
,N00041808,"Trahan, Lori",D,MA03,H8MA03106
,N00039122,"Trone, David",D,MD06,H6MD08549
,N00044434,"Tuberville, Tommy",R,ALS1,S0AL00230
,N00025175,"Turner, Michael R",R,OH10,H2OH03067
,N00041569,"Underwood, Lauren A",D,IL14,H8IL14174
,N00004133,"Upton, Fred",R,MI06,H6MI04113
,N00033367,"Valadao, David",R,CA21,H2CA20094
,N00042164,"Van Drew, Jeff",R,NJ02,H8NJ02166
,N00045167,"Van Duyne, Beth",R,TX24,H0TX24209
,N00013820,"Van Hollen, Chris",D,MDS2,S6MD03441
,N00007021,"Vargas, Juan",D,CA51,H2CA50026
,N00033839,"Veasey, Marc",D,TX33,H2TX33073
,N00034349,"Vela, Filemon",D,TX34,H2TX27190
,N00001102,"Velazquez, Nydia",D,NY07,H2NY00010
,N00033106,"Wagner, Ann L",R,MO02,H2MO02102
,N00026368,"Walberg, Tim",R,MI07,H4MI07103
,N00031226,"Walorski, Jackie",R,IN02,H0IN02190
,N00042403,"Waltz, Michael",R,FL06,H8FL06148
,N00002097,"Warner, Mark",D,VAS2,S6VA00093
,N00046489,"Warnock, Raphael",D,GAS2,S0GA00559
,N00033492,"Warren, Elizabeth",D,MAS1,S2MA00170
,N00006690,"Waters, Maxine",D,CA43,H4CA23011
,N00033539,"Weber, Randy",R,TX14,H2TX14149
,N00026335,"Webster, Daniel",R,FL11,H0FL08208
,N00000515,"Welch, Peter",D,VT01,H6VT00160
,N00033310,"Wenstrup, Brad",R,OH02,H2OH02085
,N00035527,"Westerman, Bruce",R,AR04,H4AR04048
,N00041002,"Wexton, Jennifer",D,VA10,H8VA10106
,N00027533,"Whitehouse, Sheldon",D,RIS1,S6RI00221
,N00003280,"Wicker, Roger",R,MSS2,S8MS00196
,N00041997,"Wild, Susan",D,PA07,H8PA15229
,N00047361,"Williams, Nikema Natassha",D,GA05,H0GA05301
,N00030602,"Williams, Roger",R,TX25,H2TX33040
,N00030650,"Wilson, Frederica",D,FL24,H0FL17068
,N00024809,"Wilson, Joe",R,SC02,H2SC02059
,N00029459,"Wittman, Rob",R,VA01,H8VA01147
,N00031857,"Womack, Steve",R,AR03,H0AR03055
,N00042240,"Wright, Ron",R,TX06,H8TX06233
,N00007724,"Wyden, Ron",D,ORS2,S6OR00110
,N00028073,"Yarmuth, John",D,KY03,H6KY03124
,N00007999,"Young, Don",R,AK01,H6AK00045
,N00030670,"Young, Todd",R,INS2,S6IN00191
,N00029404,"Zeldin, Lee",R,NY01,H8NY01148
